document_id,title,rapporteurs,shadow_rapporteurs,summary_link
2024/0011(COD),Inland waterway transport: River Information Services (RIS),BERENDSEN Tom (EPP),"KALFON François (S&D), BLOM Rachel (PfE), VAN DIJCK Kris (ECR), DEVAUX Valérie (Renew), TEGETHOFF Kai (Greens/EFA), KYLLÖNEN Merja (The Left)",https://oeil.secure.europarl.europa.eu/oeil/en/document-summary?id=1773607
2023/0437(COD),Transport: enforcement of passenger rights in the Union,RICCI Matteo (S&D),"NOVAKOV Andrey (EPP), KRIŠTOPANS Vilis (PfE), ZŁOTOWSKI Kosma (ECR), OETJEN Jan-Christoph (Renew), MARZÀ IBÁÑEZ Vicent (Greens/EFA), SAEIDI Arash (The Left)",https://oeil.secure.europarl.europa.eu/oeil/en/document-summary?id=1768086
2023/0436(COD),Passenger rights in the context of multimodal journeys,GIESEKE Jens (EPP),"SCHIEDER Andreas (S&D), KOVAŘÍK Ondřej (PfE), ZŁOTOWSKI Kosma (ECR), OETJEN Jan-Christoph (Renew), TEGETHOFF Kai (Greens/EFA), SAEIDI Arash (The Left), STOYANOV Stanislav (ESN)",https://oeil.secure.europarl.europa.eu/oeil/en/document-summary?id=1768091
2023/0396(COD),Combined transport: support framework for intermodal transport of goods; calculation of external costs savings and generation of aggregated data,TOSI Flavio (EPP),"COSTANZO Vivien (S&D), CISINT Anna Maria (PfE), FIDANZA Carlo (ECR), AGIRREGOITIA MARTÍNEZ Oihane (Renew), SINKEVIČIUS Virginijus (Greens/EFA), SAEIDI Arash (The Left)",https://oeil.secure.europarl.europa.eu/oeil/en/document-summary?id=1764712
2023/0362(COD),Amending certain road transport and aviation Directives as regards certain reporting requirements,OETJEN Jan-Christoph (Renew),"MARINESCU Marian-Jean (EPP), CERDAS Sara (S&D), ZĪLE Roberts (ECR)",https://oeil.secure.europarl.europa.eu/oeil/en/document-summary?id=1762259
2023/0361(COD),Amending certain road transport and aviation Regulations as regards certain reporting requirements,OETJEN Jan-Christoph (Renew),"MARINESCU Marian-Jean (EPP), CERDAS Sara (S&D), ZĪLE Roberts (ECR)",https://oeil.secure.europarl.europa.eu/oeil/en/document-summary?id=1762269
2023/0265(COD),Road vehicles: maximum weights and dimensions,SERRANO SIERRA Rosa (S&D),"FERBER Markus (EPP), ZŁOTOWSKI Kosma (ECR), OETJEN Jan-Christoph (Renew), SCHILLING Lena (Greens/EFA), KYLLÖNEN Merja (The Left)",https://oeil.secure.europarl.europa.eu/oeil/en/document-summary?id=1751794
2023/0284(COD),Circularity requirements for vehicle design and management of end-of-life vehicles,"GIESEKE Jens (EPP), SAUDARGAS Paulius (EPP)","MARAN Pierfrancesco (S&D), RICCI Matteo (S&D), TUREK Filip (PfE), SARDONE Silvia (PfE), VONDRA Alexandr (ECR), MÜLLER Piotr (ECR), IJABS Ivars (Renew), CANFIN Pascal (Renew), CORMAND David (Greens/EFA), MATTHIEU Sara (Greens/EFA), SJÖSTEDT Jonas (The Left), FLANAGAN Luke Ming (The Left), ARNDT Anja (ESN)",https://oeil.secure.europarl.europa.eu/oeil/en/document-summary?id=1751926
2023/0271(COD),Single European railway area: use of railway infrastructure capacity,METZ Tilly (Greens/EFA),"FALCĂ Gheorghe (EPP), DANIELSSON Johan (S&D), KOVAŘÍK Ondřej (PfE), KRUTÍLEK Ondřej (ECR), DEVAUX Valérie (Renew), SAEIDI Arash (The Left)",https://oeil.secure.europarl.europa.eu/oeil/en/document-summary?id=1751769
2023/0266(COD),Accounting of greenhouse gas emissions of transport services,"LINS Norbert (EPP), DECARO Antonio (S&D)","SOLÍS PÉREZ Susana (EPP), KALFON François (S&D), NAGYOVÁ Jana (PfE), HAIDER Roman (PfE), SZYDŁO Beata (ECR), VASCONCELOS Ana (Renew), SINKEVIČIUS Virginijus (Greens/EFA), EICKHOUT Bas (Greens/EFA), ANDERSSON Li (The Left), KYLLÖNEN Merja (The Left)",https://oeil.secure.europarl.europa.eu/oeil/en/document-summary?id=1751778
2023/0192(COD),"Empowering France to negotiate, sign and conclude an international agreement on the safety and interoperability requirements within the Channel Fixed Link",VITANOV Petar (S&D),"WARBORN Jörgen (EPP), RIQUET Dominique (Renew), PORĘBA Tomasz Piotr (ECR), CHAIBI Leila (The Left)",https://oeil.secure.europarl.europa.eu/oeil/en/document-summary?id=1748338
2023/0172(COD),Compliance with flag State requirements,TAX Vera (S&D),"NOVAK Ljudmila (EPP), KARLESKIND Pierre (Renew), DELLI Karima (Greens/EFA), VAN OVERTVELDT Johan (ECR), DALY Clare (The Left)",https://oeil.secure.europarl.europa.eu/oeil/en/document-summary?id=1746055
2023/0171(COD),Ship-source pollution and introduction of penalties,MARINESCU Marian-Jean (EPP),"CERDAS Sara (S&D), RASMUSSEN Bergur Løkke (Renew), PAULUS Jutta (Greens/EFA), FIDANZA Carlo (ECR), CHAIBI Leila (The Left)",https://oeil.secure.europarl.europa.eu/oeil/en/document-summary?id=1746043
2023/0165(COD),Port State control,TAX Vera (S&D),"NOVAK Ljudmila (EPP), KARLESKIND Pierre (Renew), CORRAO Ignazio (Greens/EFA), VAN OVERTVELDT Johan (ECR), DALY Clare (The Left)",https://oeil.secure.europarl.europa.eu/oeil/en/document-summary?id=1746087
2023/0164(COD),Establishing the fundamental principles governing the investigation of accidents in the maritime transport sector,NAGTEGAAL Caroline (Renew),"ADAMOWICZ Magdalena (EPP), TAX Vera (S&D), DELLI Karima (Greens/EFA), FIDANZA Carlo (ECR), DALY Clare (The Left)",https://oeil.secure.europarl.europa.eu/oeil/en/document-summary?id=1746069
2023/0163(COD),European Maritime Safety Agency,HUMBERTO Sérgio (EPP),"GONÇALVES Sérgio (S&D), KRIŠTOPANS Vilis (PfE), ZĪLE Roberts (ECR), KABILOV Taner (Renew), BALJEU Jeannette (Renew), PAULUS Jutta (Greens/EFA), KYLLÖNEN Merja (The Left)",https://oeil.secure.europarl.europa.eu/oeil/en/document-summary?id=1746080
2023/0155(COD),Minimum requirements on minimum breaks and daily and weekly rest periods in the occasional passenger transport sector,VIRKKUNEN Henna (EPP),"GARCÍA MUÑOZ Isabel (S&D), NAGTEGAAL Caroline (Renew), CUFFE Ciarán (Greens/EFA), ZĪLE Roberts (ECR), KONEČNÁ Kateřina (The Left)",https://oeil.secure.europarl.europa.eu/oeil/en/document-summary?id=1744999
2023/0134(COD),CO2 emission class of heavy-duty vehicles with trailers,RICCI Matteo (S&D),"FERBER Markus (EPP), DE LA PISA CARRIÓN Margarita (PfE), FIDANZA Carlo (ECR), OETJEN Jan-Christoph (Renew), SCHILLING Lena (Greens/EFA), KYLLÖNEN Merja (The Left)",https://oeil.secure.europarl.europa.eu/oeil/en/document-summary?id=1742993
2021/0211B(COD),"Monitoring, reporting and verification of greenhouse gas emissions from maritime transport",LIESE Peter (EPP),"CHAHIM Mohammed (S&D), WIESNER Emma (Renew), BLOSS Michael (Greens/EFA), VONDRA Alexandr (ECR), LANCINI Danilo Oscar (ID), MODIG Silvia (The Left)",https://oeil.secure.europarl.europa.eu/oeil/en/document-summary?id=1740077
2023/0055(COD),Union-wide effect of certain driving disqualifications,RICCI Matteo (S&D),"FERBER Markus (EPP), HAIDER Roman (PfE), CICCIOLI Carlo (ECR), AGIRREGOITIA MARTÍNEZ Oihane (Renew), METZ Tilly (Greens/EFA), KOUNTOURA Elena (The Left), DROESE Siegbert Frank (ESN)",https://oeil.secure.europarl.europa.eu/oeil/en/document-summary?id=1735164
2023/0053(COD),Driving licences,PAULUS Jutta (Greens/EFA),"ŁUKACIJEWSKA Elżbieta Katarzyna (EPP), RICCI Matteo (S&D), BORCHIA Paolo (PfE), FIDANZA Carlo (ECR), DEVAUX Valérie (Renew), KOUNTOURA Elena (The Left), DROESE Siegbert Frank (ESN)",https://oeil.secure.europarl.europa.eu/oeil/en/document-summary?id=1735156
2023/0052(COD),Cross-border exchange of information on road-safety-related traffic offences,ZŁOTOWSKI Kosma (ECR),"LUTGEN Benoît (EPP), LIBERADZKI Bogusław (S&D), BILBAO BARANDICA Izaskun (Renew), CUFFE Ciarán (Greens/EFA), KOUNTOURA Elena (The Left)",https://oeil.secure.europarl.europa.eu/oeil/en/document-summary?id=1735149
2023/0042(COD),Strengthening the CO2 emission performance targets for new heavy-duty vehicles,EICKHOUT Bas (Greens/EFA),"GIESEKE Jens (EPP), SCHALDEMOSE Christel (S&D), CANFIN Pascal (Renew), FIOCCHI Pietro (ECR), SARDONE Silvia (ID), VILLUMSEN Nikolaj (The Left)",https://oeil.secure.europarl.europa.eu/oeil/en/document-summary?id=1734116
2022/0365(COD),Type-approval of motor vehicles and engines with respect to their emissions and battery durability (Euro 7),VONDRA Alexandr (ECR),"GIESEKE Jens (EPP), SCHALDEMOSE Christel (S&D), SOLÍS PÉREZ Susana (Renew), EICKHOUT Bas (Greens/EFA), LIMMER Sylvia (ID), VILLUMSEN Nikolaj (The Left)",https://oeil.secure.europarl.europa.eu/oeil/en/document-summary?id=1723260
2022/0282(COD),Civil aviation: repealing an obsolete directive,DELLI Karima (Greens/EFA),"BAUZÁ DÍAZ José Ramón (Renew), ZĪLE Roberts (ECR), KOUNTOURA Elena (The Left)",https://oeil.secure.europarl.europa.eu/oeil/en/document-summary?id=1716434
2022/0232(COD),Transport: repealing obsolete Regulations,HAIDER Roman (ID),"VUOLO Lucia (EPP), VITANOV Petar (S&D), FIDANZA Carlo (ECR), KOUNTOURA Elena (The Left)",https://oeil.secure.europarl.europa.eu/oeil/en/document-summary?id=1712876
2022/0214(COD),Temporary relief from the slot utilisation rules at Community airports due to the COVID-19 pandemic,RIQUET Dominique (Renew),,https://oeil.secure.europarl.europa.eu/oeil/en/document-summary?id=1711502
2022/0036(COD),Ro-ro passenger ships: stability requirements,ZĪLE Roberts (ECR),"ADAMOWICZ Magdalena (EPP), TAX Vera (S&D), NAGTEGAAL Caroline (Renew), PAULUS Jutta (Greens/EFA), KOUNTOURA Elena (The Left)",https://oeil.secure.europarl.europa.eu/oeil/en/document-summary?id=1693764
2021/0420(COD),Trans-European transport network,"THALER Barbara (EPP), RIQUET Dominique (Renew)","GARCÍA MUÑOZ Isabel (S&D), DALUNDE Jakop G. (Greens/EFA), ZĪLE Roberts (ECR), KOUNTOURA Elena (The Left)",https://oeil.secure.europarl.europa.eu/oeil/en/document-summary?id=1686877
2021/0419(COD),Intelligent Road Transport Systems,PLUMB Rovana (S&D),"GIESEKE Jens (EPP), BILBAO BARANDICA Izaskun (Renew), ALAMETSÄ Alviina (Greens/EFA), VAN OVERTVELDT Johan (ECR), KONEČNÁ Kateřina (The Left)",https://oeil.secure.europarl.europa.eu/oeil/en/document-summary?id=1686840
2021/0387(COD),Measures against transport operators that facilitate or engage in trafficking in persons or smuggling of migrants in relation to illegal entry into the territory of the European Union,"TOBÉ Tomas (EPP), GONÇALVES Sérgio (S&D)","FALCĂ Gheorghe (EPP), INCIR Evin (S&D), VARAUT Alexandre (PfE), BAY Nicolas (ECR), ZŁOTOWSKI Kosma (ECR), OETJEN Jan-Christoph (Renew), TEGETHOFF Kai (Greens/EFA), ORLANDO Leoluca (Greens/EFA), KYLLÖNEN Merja (The Left), BARRENA ARZA Pernando (The Left), DROESE Siegbert Frank (ESN)",https://oeil.secure.europarl.europa.eu/oeil/en/document-summary?id=1683540
2021/0275(COD),Transport of dangerous goods by road: uniform procedures for checks. Codification,DZHAMBAZKI Angel (ECR),,https://oeil.secure.europarl.europa.eu/oeil/en/document-summary?id=1672154
2021/0223(COD),Deployment of alternative fuels infrastructure,VITANOV Petar (S&D),"GIESEKE Jens (EPP), NAGTEGAAL Caroline (Renew), DEPARNAY-GRUNENBERG Anna (Greens/EFA), FIDANZA Carlo (ECR), HAIDER Roman (ID), KOUNTOURA Elena (The Left)",https://oeil.secure.europarl.europa.eu/oeil/en/document-summary?id=1670400
2021/0210(COD),Sustainable maritime fuels (FuelEU Maritime Initiative),WARBORN Jörgen (EPP),"TAX Vera (S&D), KATAINEN Elsi (Renew), PAULUS Jutta (Greens/EFA), VAN OVERTVELDT Johan (ECR), PIMENTA LOPES João (The Left)",https://oeil.secure.europarl.europa.eu/oeil/en/document-summary?id=1670414
2021/0205(COD),Sustainable aviation fuels (ReFuelEU Aviation Initiative),BAUZÁ DÍAZ José Ramón (Renew),"MONTEIRO DE AGUIAR Cláudia (EPP), BERGKVIST Erik (S&D), CUFFE Ciarán (Greens/EFA), ZŁOTOWSKI Kosma (ECR), DALY Clare (The Left)",https://oeil.secure.europarl.europa.eu/oeil/en/document-summary?id=1670408
2021/0197(COD),CO2 emission standards for cars and vans,HUITEMA Jan (Renew),"GIESEKE Jens (EPP), CERDAS Sara (S&D), EICKHOUT Bas (Greens/EFA), FIOCCHI Pietro (ECR), LIMMER Sylvia (ID), KONEČNÁ Kateřina (The Left)",https://oeil.secure.europarl.europa.eu/oeil/en/document-summary?id=1670181
2021/0211A(COD),Revision of the EU Emissions Trading System,LIESE Peter (EPP),"CHAHIM Mohammed (S&D), WIESNER Emma (Renew), BLOSS Michael (Greens/EFA), VONDRA Alexandr (ECR), LANCINI Danilo Oscar (ID), MODIG Silvia (The Left)",https://oeil.secure.europarl.europa.eu/oeil/en/document-summary?id=1670127
2021/0207(COD),Revision of the EU Emissions Trading System for aviation,GLAVAK Sunčana (EPP),"BRGLEZ Milan (S&D), GAMON Claudia (Renew), EICKHOUT Bas (Greens/EFA), ZALEWSKA Anna (ECR), MODIG Silvia (The Left)",https://oeil.secure.europarl.europa.eu/oeil/en/document-summary?id=1670136
2021/0206(COD),Social Climate Fund,"CASA David (EPP), DE LANGE Esther (EPP)","VITANOV Petar (S&D), DOBREV Klára (S&D), KNOTEK Ondřej (Renew), VEDRENNE Marie-Pierre (Renew), LANGENSIEPEN Katrin (Greens/EFA), MATTHIEU Sara (Greens/EFA), SLABAKOV Andrey (ECR), SZYDŁO Beata (ECR), MÉLIN Joëlle (ID), BILDE Dominique (ID), CHAIBI Leila (The Left), KOKKALIS Petros (The Left)",https://oeil.secure.europarl.europa.eu/oeil/en/document-summary?id=1670227
2021/0204(COD),Notification under the Carbon Offsetting and Reduction Scheme for International Aviation (CORSIA),GLAVAK Sunčana (EPP),"BRGLEZ Milan (S&D), GAMON Claudia (Renew), EICKHOUT Bas (Greens/EFA), ZALEWSKA Anna (ECR), MODIG Silvia (The Left)",https://oeil.secure.europarl.europa.eu/oeil/en/document-summary?id=1670209
2021/0039(COD),Recognition of professional qualifications in inland navigation: transitional measures for the recognition of third countries certificates,AMERIKS Andris (S&D),"MARKEY Colm (EPP), NAGTEGAAL Caroline (Renew)",https://oeil.secure.europarl.europa.eu/oeil/en/document-summary?id=1651381
2021/0018(COD),Drivers of certain road vehicles for the carriage of goods or passengers: initial qualification and periodic training. Codification,DZHAMBAZKI Angel (ECR),,https://oeil.secure.europarl.europa.eu/oeil/en/document-summary?id=1648952
2020/0035(COD),European Year of Rail (2021),DEPARNAY-GRUNENBERG Anna (Greens/EFA),"THALER Barbara (EPP), ERTUG Ismail (S&D), RIQUET Dominique (Renew), PORĘBA Tomasz Piotr (ECR)",https://oeil.secure.europarl.europa.eu/oeil/en/document-summary?id=1611012
2019/0179(COD),Ensuring basic road freight and air connectivity: periods of application,DELLI Karima (Greens/EFA),"LUTGEN Benoît (EPP), DALY Clare (GUE/NGL)",https://oeil.secure.europarl.europa.eu/oeil/en/document-summary?id=1589981
2019/0108(COD),International road passenger transport services by coach and bus in border regions: cabotage operations between Italy and Switzerland,FERBER Markus (EPP),"DANIELSSON Johan (S&D), BAUZÁ DÍAZ José Ramón (Renew), DELLI Karima (Greens/EFA), FIDANZA Carlo (ECR), KOUNTOURA Elena (GUE/NGL)",https://oeil.secure.europarl.europa.eu/oeil/en/document-summary?id=1583144
2019/0107(COD),International road passenger transport services by coach and bus in border regions: cabotage operations  between Germany and Switzerland,FERBER Markus (EPP),"DANIELSSON Johan (S&D), BAUZÁ DÍAZ José Ramón (Renew), DELLI Karima (Greens/EFA), ZĪLE Roberts (ECR), KOUNTOURA Elena (GUE/NGL)",https://oeil.secure.europarl.europa.eu/oeil/en/document-summary?id=1583141
2018/0228(COD),Connecting Europe facility 2021–2027,"MARINESCU Marian-Jean (EPP), VIRKKUNEN Henna (EPP), RIQUET Dominique (Renew)","GARCÍA MUÑOZ Isabel (S&D), KUMPULA-NATRI Miapetra (S&D), PETERSEN Morten (Renew), TOUSSAINT Marie (Greens/EFA), CUFFE Ciarán (Greens/EFA), ZĪLE Roberts (ECR), KLOC Izabela-Helena (ECR), BORCHIA Paolo (ID), PEREIRA Sandra (GUE/NGL), KOUNTOURA Elena (GUE/NGL)",https://oeil.secure.europarl.europa.eu/oeil/en/document-summary?id=1538312
2018/0199(COD),Specific provisions for European territorial cooperation goal (Interreg) supported by European Regional Development Fund (ERDF) and external financing instruments 2021–2027,ARIMONT Pascal (EPP),"MARQUES Pedro (S&D), BIJOUX Stéphane (Renew), ROPĖ Bronis (Greens/EFA), KRUK Elżbieta (ECR), CONTE Rosanna (ID), KIZILYÜREK Niyazi (GUE/NGL)",https://oeil.secure.europarl.europa.eu/oeil/en/document-summary?id=1536127
2018/0148(COD),Labelling of tyres: fuel efficiency and other essential parameters,VIRKKUNEN Henna (EPP),"KUMPULA-NATRI Miapetra (S&D), RIQUET Dominique (Renew), PAULUS Jutta (Greens/EFA), TOBISZOWSKI Grzegorz (ECR), MATIAS Marisa (GUE/NGL)",https://oeil.secure.europarl.europa.eu/oeil/en/document-summary?id=1534327
2018/0140(COD),Electronic freight transport information,DELI Andor (PPE),"DANIELSSON Johan (S&D), BILBAO BARANDICA Izaskun (Renew), METZ Tilly (Greens/EFA), ZŁOTOWSKI Kosma (ECR), KOUNTOURA Elena (GUE/NGL)",https://oeil.secure.europarl.europa.eu/oeil/en/document-summary?id=1534335
2018/0138(COD),Trans-European transport network: streamlining measures for advancing the realisation,RIQUET Dominique (ALDE),"BERENDSEN Tom (EPP), GARCÍA MUÑOZ Isabel (S&D), DALUNDE Jakop G. (Greens/EFA), ZŁOTOWSKI Kosma (ECR), BORCHIA Paolo (ID), KOUNTOURA Elena (GUE/NGL)",https://oeil.secure.europarl.europa.eu/oeil/en/document-summary?id=1534342
2017/0237(COD),Rail passengers’ rights and obligations. Recast,LIBERADZKI Bogusław (S&D),"HORTEFEUX Brice (EPP), BAUZÁ DÍAZ José Ramón (Renew), DEPARNAY-GRUNENBERG Anna (Greens/EFA), PORĘBA Tomasz Piotr (ECR), HAIDER Roman (ID), FERREIRA João (GUE/NGL)",https://oeil.secure.europarl.europa.eu/oeil/en/document-summary?id=1504855
2017/0123(COD),Pursuing the occupation of road transport operator and access to the international road haulage market,ERTUG Ismail (S&D),"ŁUKACIJEWSKA Elżbieta Katarzyna (EPP), GADE Søren (Renew), DELLI Karima (Greens/EFA), ZŁOTOWSKI Kosma (ECR), KONEČNÁ Kateřina (GUE/NGL)",https://oeil.secure.europarl.europa.eu/oeil/en/document-summary?id=1491955
2017/0122(COD),"Minimum requirements on maximum daily and weekly driving times, minimum breaks and daily and weekly rest periods; positioning by means of tachographs",VIRKKUNEN Henna (EPP),"TAX Vera (S&D), NAGTEGAAL Caroline (Renew), CUFFE Ciarán (Greens/EFA), ZĪLE Roberts (ECR), HAIDER Roman (ID), KONEČNÁ Kateřina (GUE/NGL)",https://oeil.secure.europarl.europa.eu/oeil/en/document-summary?id=1491939
2017/0121(COD),Posting drivers in the road transport sector,KONEČNÁ Kateřina (GUE/NGL),"DELI Andor (EPP), VITANOV Petar (S&D), BILBAO BARANDICA Izaskun (Renew), DELLI Karima (Greens/EFA), ZŁOTOWSKI Kosma (ECR), BORCHIA Paolo (ID)",https://oeil.secure.europarl.europa.eu/oeil/en/document-summary?id=1491962
2017/0114(COD),Charging of heavy goods vehicles for the use of certain infrastructures,FERRANDINO Giuseppe (S&D),"THALER Barbara (EPP), RIQUET Dominique (Renew), DEPARNAY-GRUNENBERG Anna (Greens/EFA), PORĘBA Tomasz Piotr (ECR), HAIDER Roman (ID)",https://oeil.secure.europarl.europa.eu/oeil/en/document-summary?id=1491977
2017/0113(COD),Use of vehicles hired without drivers for the carriage of goods by road,MONTEIRO DE AGUIAR Cláudia (PPE),"AMERIKS Andris (S&D), BILBAO BARANDICA Izaskun (Renew), CUFFE Ciarán (Greens/EFA), ZŁOTOWSKI Kosma (ECR), HAIDER Roman (ID)",https://oeil.secure.europarl.europa.eu/oeil/en/document-summary?id=1491998
2023/0152(BUD),Mobilisation of the European Globalisation Adjustment Fund: redundancies in warehousing and support activities for transportation in Belgium,STAVROU Eleni (EPP),"KÖRNER Moritz (Renew), VANA Monika (Greens/EFA), RZOŃCA Bogdan (ECR), KUHS Joachim (ID)",https://oeil.secure.europarl.europa.eu/oeil/en/document-summary?id=1746567
2023/0031(BUD),Mobilisation of the European Globalisation Adjustment Fund: redundancies in warehousing and support activities for transportation in Belgium,CHASTEL Olivier (Renew),"WINZIG Angelika (EPP), VANA Monika (Greens/EFA), RZOŃCA Bogdan (ECR), KUHS Joachim (ID)",https://oeil.secure.europarl.europa.eu/oeil/en/document-summary?id=1733119
2022/0143(BUD),Mobilisation of the European Globalisation Adjustment Fund: redundancies in the air transport sector in France,KELLER Fabienne (Renew),"WINZIG Angelika (EPP), NEGRESCU Victor (S&D), VANA Monika (Greens/EFA), RZOŃCA Bogdan (ECR), OMARJEE Younous (The Left)",https://oeil.secure.europarl.europa.eu/oeil/en/document-summary?id=1703759
2021/0363(BUD),Mobilisation of the European Globalisation Adjustment Fund: redundancies in the air transport industry in France,HAYER Valérie (Renew),"HOHLMEIER Monika (EPP), GARDIAZABAL RUBIAL Eider (S&D), VANA Monika (Greens/EFA), RZOŃCA Bogdan (ECR), OMARJEE Younous (The Left)",https://oeil.secure.europarl.europa.eu/oeil/en/document-summary?id=1688026
2021/0338(BUD),Mobilisation of the European Globalisation Adjustment Fund: redundancies in the air transport sector in Italy,LEWANDOWSKI Janusz (EPP),"GUALMINI Elisabetta (S&D), GOERENS Charles (Renew), VANA Monika (Greens/EFA), RZOŃCA Bogdan (ECR), BONFRISCO Anna (ID), PAPADIMOULIS Dimitrios (The Left)",https://oeil.secure.europarl.europa.eu/oeil/en/document-summary?id=1680563
2021/0337(BUD),Mobilisation of the European Globalisation Adjustment Fund: redundancies in warehousing and support activities for transportation in Italy,LEWANDOWSKI Janusz (EPP),"GUALMINI Elisabetta (S&D), DLABAJOVÁ Martina (Renew), VANA Monika (Greens/EFA), RZOŃCA Bogdan (ECR), GRANT Valentino (ID), PAPADIMOULIS Dimitrios (The Left)",https://oeil.secure.europarl.europa.eu/oeil/en/document-summary?id=1680523
2021/0116(BUD),Mobilisation of the European Globalisation Adjustment Fund: redundancies in the air transport sector in Finland,HEINÄLUOMA Eero (S&D),"SARVAMAA Petri (EPP), TORVALDS Nils (Renew), VANA Monika (Greens/EFA), RZOŃCA Bogdan (ECR), MODIG Silvia (The Left)",https://oeil.secure.europarl.europa.eu/oeil/en/document-summary?id=1660806
2021/0115(BUD),Mobilisation of the European Globalisation Adjustment Fund: redundancies in the air transport sector in the  Netherlands,VANA Monika (Greens/EFA),"NOVAKOV Andrey (EPP), GUALMINI Elisabetta (S&D), ŞTEFĂNUȚĂ Nicolae (Renew), RZOŃCA Bogdan (ECR), LAPORTE Hélène (ID), PAPADIMOULIS Dimitrios (The Left)",https://oeil.secure.europarl.europa.eu/oeil/en/document-summary?id=1660750
2021/0109(BUD),Mobilisation of the European Globalisation Adjustment Fund: redundancies in the air transport services in Belgium,CHASTEL Olivier (Renew),"FERNANDES José Manuel (EPP), BIEDROŃ Robert (S&D), VANA Monika (Greens/EFA), RZOŃCA Bogdan (ECR), KUHS Joachim (ID), PAPADIMOULIS Dimitrios (The Left)",https://oeil.secure.europarl.europa.eu/oeil/en/document-summary?id=1659509
2024/0051(NLE),EU/Canada Agreement: transfer and processing of passenger name record (PNR) data,MINCHEV Nikola (Renew),"VOSS Axel (EPP), SIPPEL Birgit (S&D), VANNACCI Roberto (PfE), KANKO Assita (ECR), STRIK Tineke (Greens/EFA), DEMIREL Özlem (The Left)",https://oeil.secure.europarl.europa.eu/oeil/en/document-summary?id=1778365
2022/0419(NLE),EU/Japan Agreement: air services,MONTEIRO DE AGUIAR Cláudia (EPP),"VITANOV Petar (S&D), RIQUET Dominique (Renew), CUFFE Ciarán (Greens/EFA), ZĪLE Roberts (ECR), HAIDER Roman (ID), DALY Clare (The Left)",https://oeil.secure.europarl.europa.eu/oeil/en/document-summary?id=1727907
2022/0201(NLE),EU/Moldova Agreement on the carriage of freight by road,MARINESCU Marian-Jean (EPP),"GHEORGHE Vlad (Renew), ZĪLE Roberts (ECR)",https://oeil.secure.europarl.europa.eu/oeil/en/document-summary?id=1707772
2022/0200(NLE),EU/Ukraine Agreement on the carriage of freight by road,MARINESCU Marian-Jean (EPP),"GHEORGHE Vlad (Renew), ZĪLE Roberts (ECR)",https://oeil.secure.europarl.europa.eu/oeil/en/document-summary?id=1707770
2019/0275(NLE),EU/Japan Agreement: civil aviation safety,MONTEIRO DE AGUIAR Cláudia (EPP),"MORETTI Alessandra (S&D), RIQUET Dominique (Renew), KONEČNÁ Kateřina (GUE/NGL)",https://oeil.secure.europarl.europa.eu/oeil/en/document-summary?id=1625571
2019/0126(NLE),"EU/USA, Iceland and Norway Agreement: Time Limitations on Arrangements for the Provision of Aircraft with Crew",GRAPINI Maria (S&D),"MARINESCU Marian-Jean (EPP), KYUCHYUK Ilhan (Renew), PORĘBA Tomasz Piotr (ECR)",https://oeil.secure.europarl.europa.eu/oeil/en/document-summary?id=1583803
2019/0044(NLE),EU/Korea Agreement: air services,RIQUET Dominique (Renew),"FRANKOWSKI Tomasz (EPP), GRAPINI Maria (S&D), ZĪLE Roberts (ECR)",https://oeil.secure.europarl.europa.eu/oeil/en/document-summary?id=1574813
2018/0155(NLE),EU/China Agreement: civil aviation safety,PORĘBA Tomasz Piotr (ECR),"ŁUKACIJEWSKA Elżbieta Katarzyna (EPP), UJHELYI István (S&D), BILBAO BARANDICA Izaskun (Renew), CUFFE Ciarán (Greens/EFA), DALY Clare (GUE/NGL)",https://oeil.secure.europarl.europa.eu/oeil/en/document-summary?id=1534718
2018/0147(NLE),EU/China Agreement: air services,PORĘBA Tomasz Piotr (ECR),"ŁUKACIJEWSKA Elżbieta Katarzyna (EPP), VITANOV Petar (S&D), BILBAO BARANDICA Izaskun (Renew), ROWETT Catherine (Greens/EFA), KONEČNÁ Kateřina (GUE/NGL)",https://oeil.secure.europarl.europa.eu/oeil/en/document-summary?id=1534226
2015/0035(NLE),EU/Moldova Common Aviation Area Agreement: accession of Croatia to the EU. Protocol,ZĪLE Roberts (ECR),"MARINESCU Marian-Jean (EPP), GRAPINI Maria (S&D), KOVAŘÍK Ondřej (Renew), DALY Clare (GUE/NGL)",https://oeil.secure.europarl.europa.eu/oeil/en/document-summary?id=1378500
2012/0324(NLE),EU/Israel Euro-Mediterranean Aviation Agreement,DELI Andor (EPP),"LIBERADZKI Bogusław (S&D), GADE Søren (Renew), ZĪLE Roberts (ECR)",https://oeil.secure.europarl.europa.eu/oeil/en/document-summary?id=1235339
2012/0006(NLE),EU/Moldova Common Aviation Area Agreement,ZĪLE Roberts (ECR),"MARINESCU Marian-Jean (EPP), GRAPINI Maria (S&D), KOVAŘÍK Ondřej (Renew)",https://oeil.secure.europarl.europa.eu/oeil/en/document-summary?id=1188045
2010/0186(NLE),EU/Georgia Agreement: common aviation area,AMERIKS Andris (S&D),"DELI Andor (EPP), CUFFE Ciarán (Greens/EFA)",https://oeil.secure.europarl.europa.eu/oeil/en/document-summary?id=1153163
2010/0180(NLE),EU/Jordan agreement: Euro-Mediterranean Aviation Agreement,AMERIKS Andris (S&D),"CUFFE Ciarán (Greens/EFA), LUNDGREN Peter (ECR)",https://oeil.secure.europarl.europa.eu/oeil/en/document-summary?id=1153081
2007/0181(NLE),"EC/Morocco Euro-Mediterranean aviation agreement, protocol following the accession of Bulgaria and Romania",SCHULZE Sven (EPP),"RIQUET Dominique (Renew), CUFFE Ciarán (Greens/EFA), PORĘBA Tomasz Piotr (ECR), KONEČNÁ Kateřina (GUE/NGL)",https://oeil.secure.europarl.europa.eu/oeil/en/document-summary?id=1006118
2023/2060(INI),Electric aviation – a solution for short- and mid-range flights,BERGKVIST Erik (S&D),"MARINESCU Marian-Jean (EPP), OETJEN Jan-Christoph (Renew), DALUNDE Jakop G. (Greens/EFA), ZŁOTOWSKI Kosma (ECR), DALY Clare (The Left)",https://oeil.secure.europarl.europa.eu/oeil/en/document-summary?id=1772341
2023/2059(INI),Building a comprehensive European port strategy,BERENDSEN Tom (EPP),"VAN BREMPT Kathleen (S&D), RASMUSSEN Bergur Løkke (Renew), PAULUS Jutta (Greens/EFA), VAN OVERTVELDT Johan (ECR), PIMENTA LOPES João (The Left)",https://oeil.secure.europarl.europa.eu/oeil/en/document-summary?id=1772385
2022/2140(INI),Ensuring European transportation works for women,ŁUKACIJEWSKA Elżbieta Katarzyna (EPP),"TAX Vera (S&D), MELCHIOR Karen (Renew), KUHNKE Alice (Greens/EFA), FEST Nicolaus (ID)",https://oeil.secure.europarl.europa.eu/oeil/en/document-summary?id=1752644
2022/2023(INI),The New EU Urban Mobility Framework,NOVAKOV Andrey (EPP),"SCHIEDER Andreas (S&D), GHEORGHE Vlad (Renew), CUFFE Ciarán (Greens/EFA), FIDANZA Carlo (ECR), HAIDER Roman (ID), PIMENTA LOPES João (The Left)",https://oeil.secure.europarl.europa.eu/oeil/en/document-summary?id=1739657
2022/2022(INI),Action plan to boost long distance and cross border passenger rail,TARDINO Annalisa (ID),"BRAUNSBERGER-REINHOLD Karolin (EPP), AMERIKS Andris (S&D), KOVAŘÍK Ondřej (Renew), DEPARNAY-GRUNENBERG Anna (Greens/EFA), ROOKMAKER Dorien (ECR), PIMENTA LOPES João (The Left)",https://oeil.secure.europarl.europa.eu/oeil/en/document-summary?id=1719860
2022/2021(INI),Large transport infrastructure projects in the EU,NOVAKOV Andrey (EPP),"CREȚU Corina (S&D), CHASTEL Olivier (Renew), PEKSA Mikuláš (Greens/EFA), KUHS Joachim (ID), OMARJEE Younous (The Left)",https://oeil.secure.europarl.europa.eu/oeil/en/document-summary?id=1743170
2021/2015(INI),Towards Future-proof Inland Waterway Transport (IWT) in Europe,NAGTEGAAL Caroline (Renew),"BERENDSEN Tom (EPP), TAX Vera (S&D), DELLI Karima (Greens/EFA), VAN OVERTVELDT Johan (ECR), PELLETIER Anne-Sophie (The Left)",https://oeil.secure.europarl.europa.eu/oeil/en/document-summary?id=1668745
2021/2014(INI),EU Road Safety Policy Framework 2021-2030 – Recommendations on next steps towards 'Vision Zero',KOUNTOURA Elena (The Left),"VOZEMBERG-VRIONIDI Elissavet (EPP), GARCÍA MUÑOZ Isabel (S&D), KYUCHYUK Ilhan (Renew), METZ Tilly (Greens/EFA), ZŁOTOWSKI Kosma (ECR)",https://oeil.secure.europarl.europa.eu/oeil/en/document-summary?id=1666901
2020/2269(INI),Investigation of alleged contraventions and maladministration in the application of Union law in relation to the protection of animals during transport within and outside the Union,"BUDA Daniel (EPP), CARVALHAIS Isabel (S&D)","KELLEHER Billy (Renew), WAITZ Thomas (Greens/EFA), LUNDGREN Peter (ECR), CONTE Rosanna (ID)",https://oeil.secure.europarl.europa.eu/oeil/en/document-summary?id=1686640
2020/2115(INI),Connectivity and EU-Asia relations,BÜTIKOFER Reinhard (Greens/EFA),"DELI Andor (EPP), OLEKAS Juozas (S&D), DZHAMBAZKI Angel (ECR), MARIANI Thierry (ID)",https://oeil.secure.europarl.europa.eu/oeil/en/document-summary?id=1644436
2019/2205(INI),Implementation report on the road safety aspects of the Roadworthiness Package,LUTGEN Benoît (EPP),"UJHELYI István (S&D), GHEORGHE Vlad (Renew), METZ Tilly (Greens/EFA), ZŁOTOWSKI Kosma (ECR), KOUNTOURA Elena (GUE/NGL)",https://oeil.secure.europarl.europa.eu/oeil/en/document-summary?id=1652672
2019/2193(INI),Technical and operational measures for more efficient and cleaner maritime transport,DELLI Karima (Greens/EFA),"ADAMOWICZ Magdalena (EPP), TAX Vera (S&D), NAGTEGAAL Caroline (Renew), VAN OVERTVELDT Johan (ECR), LECHANTEUX Julie (ID)",https://oeil.secure.europarl.europa.eu/oeil/en/document-summary?id=1652719
2019/2192(INI),Revision of the Trans-European Transport Network (TEN-T) guidelines,GIESEKE Jens (EPP),"GARCÍA MUÑOZ Isabel (S&D), RIQUET Dominique (Renew), DALUNDE Jakop G. (Greens/EFA), PORĘBA Tomasz Piotr (ECR), KOUNTOURA Elena (GUE/NGL)",https://oeil.secure.europarl.europa.eu/oeil/en/document-summary?id=1642949
2019/2191(INI),Railway safety and signalling: Assessing the state of play of the European Rail Traffic Management System (ERTMS) deployment,BILBAO BARANDICA Izaskun (Renew),"THALER Barbara (EPP), AMERIKS Andris (S&D), DALUNDE Jakop G. (Greens/EFA), FIDANZA Carlo (ECR), HAIDER Roman (ID), DALY Clare (GUE/NGL)",https://oeil.secure.europarl.europa.eu/oeil/en/document-summary?id=1664211
